OU,Department,Employee
Head Office,Accounting,Philip SMITH
Head Office,Accounting,Logan JOHNSON
Head Office,Accounting,Bobby WILLIAMS
Head Office,Accounting,Harry BROWN
Head Office,HR,Johnny JONES
Head Office,HR,Mary MILLER
Head Office,Operations,John DAVIS
Head Office,Operations,Robert GARCIA
Head Office,Operations,Michael RODRIGUEZ
Head Office,Operations,William WILSON
Head Office,Operations,David MARTINEZ
Head Office,Operations,Richard ANDERSON
Head Office,Operations,Joseph TAYLOR
Head Office,Operations,Thomas THOMAS
Head Office,Operations,Charles HERNANDEZ
Head Office,Operations,Christopher MOORE
Head Office,Operations,Daniel MARTIN
Head Office,Operations,Matthew JACKSON
Head Office,Operations,Anthony THOMPSON
Head Office,Operations,Donald WHITE
Head Office,Operations,Mark LOPEZ
Head Office,Operations,Paul LEE
Head Office,Operations,Joshua ROBINSON
Head Office,Operations,Kevin WALKER
Head Office,Operations,Brian PEREZ
Head Office,Operations,Edward HALL
Head Office,Operations,Ronald YOUNG
Head Office,Operations,Timothy ALLEN
Head Office,Operations,Jason SANCHEZ
Head Office,Operations,Jeffrey WRIGHT
Head Office,Operations,Ryan KING
Head Office,Operations,Jacob SCOTT
Head Office,Operations,Gary GREEN
Head Office,Operations,Nicholas BAKER
Head Office,Operations,Eric ADAMS
Head Office,Operations,Stephen NELSON
Head Office,Operations,Jonathan HILL
Head Office,Operations,Larry RAMIREZ
Head Office,Operations,Justin CAMPBELL
Head Office,Operations,Scott MITCHELL
Head Office,Operations,Brandon ROBERTS
Head Office,IT Dept,Steven GONZALEZ
Head Office,IT Dept,Andrew HARRIS
Head Office,IT Dept,Kenneth CLARK
Head Office,Maintenance,George LEWIS
Head Office,Maintenance,Joshua ROBINSON
Head Office,Maintenance,Kevin WALKER
Head Office,Maintenance,Brian PEREZ
2nd Site,Accounting,Edward HALL
2nd Site,Accounting,Ronald YOUNG
2nd Site,IT Dept,Timothy ALLEN
2nd Site,Maintenance,Jason SANCHEZ
2nd Site,Maintenance,Jeffrey WRIGHT
2nd Site,Maintenance,Ryan KING
2nd Site,HR,Nicholas BAKER
2nd Site,HR,Jacob SCOTT
2nd Site,HR,Gary GREEN
2nd Site,Operations,Eric ADAMS
2nd Site,Operations,Stephen NELSON
2nd Site,Operations,Jonathan HILL
2nd Site,Operations,Larry RAMIREZ
2nd Site,Operations,Justin CAMPBELL
2nd Site,Operations,Scott MITCHELL
2nd Site,Operations,Brandon ROBERTS
2nd Site,Operations,Frank CARTER
2nd Site,Operations,Benjamin PHILLIPS
2nd Site,Operations,Gregory EVANS
2nd Site,Operations,Raymond TURNER
2nd Site,Operations,Samuel TORRES
2nd Site,Operations,Patrick PARKER
2nd Site,Operations,Alexander COLLINS
2nd Site,Operations,Jack EDWARDS
2nd Site,Operations,Dennis STEWART
2nd Site,Operations,Jerry FLORES
2nd Site,Operations,Tyler MORRIS
2nd Site,Operations,Aaron NGUYEN
2nd Site,Operations,Henry MURPHY
2nd Site,Operations,Jose RIVERA
2nd Site,Operations,Douglas COOK
2nd Site,Operations,Peter ROGERS
2nd Site,Operations,Adam MORGAN
2nd Site,Operations,Nathan PETERSON
2nd Site,Operations,Zachary COOPER
2nd Site,Operations,Walter REED
2nd Site,Operations,Kyle BAILEY
2nd Site,Operations,Harold BELL
2nd Site,Operations,Carl GOMEZ
2nd Site,Operations,Jeremy KELLY
2nd Site,Operations,Gerald HOWARD
2nd Site,Operations,Keith WARD
2nd Site,Operations,Roger COX
2nd Site,Operations,Arthur DIAZ
2nd Site,Operations,Terry RICHARDSON
2nd Site,Operations,Lawrence WOOD
2nd Site,Operations,Sean WATSON
2nd Site,Operations,Christian BROOKS
2nd Site,Operations,Ethan BENNETT
2nd Site,Operations,Austin GRAY
2nd Site,Operations,Joe JAMES
2nd Site,Operations,Albert REYES
2nd Site,Operations,Jesse CRUZ
2nd Site,Operations,Willie HUGHES
2nd Site,Operations,Billy PRICE
2nd Site,Operations,Bryan MYERS
2nd Site,Operations,Bruce LONG
2nd Site,Operations,Noah FOSTER
2nd Site,Operations,Jordan SANDERS
2nd Site,Operations,Dylan ROSS
2nd Site,Operations,Ralph MORALES
2nd Site,Operations,Roy POWELL
2nd Site,Operations,Alan SULLIVAN
2nd Site,Operations,Wayne RUSSELL
2nd Site,Operations,Eugene ORTIZ
2nd Site,Operations,Juan JENKINS
2nd Site,Operations,Gabriel GUTIERREZ
2nd Site,Operations,Louis PERRY
2nd Site,Operations,Russell BUTLER
2nd Site,Operations,Randy BARNES
2nd Site,Operations,Vincent FISHER